Row,REALTRA Part Number,Quantity Per PCB,References,Value,Datasheet,Footprint,Description,Manufacturer,Manufacturer Part Number,Supplier Part Number
1,R-CAP-0051-100N,4,C34 C35 C36 C37,100n,~,C_0603_1608Metric,Unpolarized capacitor,KYOCERA AVX,KGM15BR71H104JT,
2,R-CON-1265-9POS,1,J15,DE09-SL-24,https://app.adam-tech.com/products/download/data_sheet/198472/dxxx-sl-24-data-sheet.pdf,DE09SL24,"9 Position D-Sub Receptacle, Female Sockets Connector 250VAC ,3A,-20C ~ 85C",,,
3,R-CON-1267-BBLK,1,J14,FCR7350B,https://www.cliffuk.co.uk/products/testleads/sockets/S16NPC.pdf,FCR7350B,"Banana Jack Connector Standard Banana Solder Black Female  Through Hole, Right Angle",,,
4,R-CON-1266-BRED,1,J13,FCR7350R,http://www.cliffuk.co.uk/products/testleads/sockets/S16NPC.pdf,FCR7350R,"CLIFF ELECTRONIC COMPONENTS - FCR7350R - SOCKET, PCB, 4MM, R/A, S16N-PC, RED",,,
5,R-CON-1264-15PO,1,J11,L17HTHES4R1C,https://cdn.amphenol-cs.com/media/wysiwyg/files/drawing/l17hthxs4rxc.p,L17HTHES4R1C,"Dsub, Stamped Signal 3A, Right Angle PCB Thru Hole, Hight Temp High Density, FP=8.89mm (0.350in), 15 Socket, Bright Tin Shell, Flash Gold, 4-40 Rear Insert, Ground Tab&Boardlock, Plastic Tray, Close Back",,,
6,R-CON-1262-VTBH,10,J5 J16 J17 J18 J19 J20 J21 J22 J23 J24,OSTOQ025450,https://www.on-shore.com/wp-content/uploads/OSTOQXX5450.pdf,SHDR2W100P0X508_1X2_1216X860X1230P,TERM BLOCK HDR 2POS VERT 5.08MM,,,
7,R-CON-1263-26PO,10,J1 J2 J3 J4 J6 J7 J8 J9 J10 J12,Power,~,PinHeader_1x08_P2.54mm_Vertical,"Generic connector, single row, 01x08, script generated (kicad-library-utils/schlib/autogen/connector/) Generic connector, double row, 02x18, odd/even pin numbering scheme (row 1 odd numbers, row 2 even numbers), script generated (kicad-library-utils/schlib/autogen/connector/) Generic connector, single row, 01x10, script generated (kicad-library-utils/schlib/autogen/connector/) Generic connector, single row, 01x06, script generated (kicad-library-utils/schlib/autogen/connector/) Generic connector, single row, 01x26, script generated (kicad-library-utils/schlib/autogen/connector/) 15-pin D-SUB connector, socket (female) (low-density/2 columns), Mounting Hole",Amphenol Positronic,DD26S3S00S/AA,
8,R-SWI-0002-RESW,10,K1 K2 K3 K4 K5 K6 K7 K8 K9 K10,"OJE-SH-105LMH,000",https://www.te.com/commerce/DocumentDelivery/DDEController?Action=srchrtrv&DocNm=OJ_OJE_series_relay_data_sheet_E&DocType=Data%20Sheet&DocLang=English&PartCntxt=1461403-3&DocFormat=pdf,OJESH105LMH000,Body Features: Product Weight .318 OZ | Product Weight 9 G | Insulation Special Features Tracking Index of Relay Base PTI250 | Contact Features: Contact Material AgCdO | Contact Current Class 16 AMP | Contact Arrangement 1 Form A (NO) | Contact Number of Poles 1 | Contact Current Rating (Max) 8 AMP | Dimensions: Insulation Clearance Between Contact & Coil .129 INCH | Length Class (Mechanical) 16  20 MM | Height Class (Mechanical) 14  15 MM | Product Height 14.7 MM | Product Length .716 INCH | Product,,,
9,R-SWI-0003-PRSW,10,K11 K12 K13 K14 K15 K16 K17 K18 K19 K20,VOR1003M4T,https://www.digikey.com/en/products/detail/vishay-semiconductor-opto-division/VOR1003M4T/25973730?msockid=3bdc366bbe0663d83c1223c0bf3662a6,VOR1003M4T,"Solid State SPST-NO (1 Form A) 4-SMD, Gull Wing",,,
10,R-FET-0023-PCMF,4,Q27 Q30 Q32 Q34,DMP6185SEQ-13,https://www.diodes.com//assets/Datasheets/DMP6185SEQ.pdf,SOT230P700X180-4N,MOSFET MOSFET BVDSS: 41V-60V,,,
11,R-FET-0021-NCMF,19,Q1 Q2 Q4 Q9 Q10 Q11 Q12 Q13 Q14 Q15 Q16 Q17 Q22 Q23 Q24 Q28 Q29 Q31 Q33,IRLML2060,https://www.infineon.com/dgdl/irlml2060pbf.pdf?fileId=5546d462533600a401535664b7fb25ee,SOT-23,"1.2A Id, 60V Vds, 480mOhm Rds, N-Channel HEXFET Power MOSFET, SOT-23",Infineon Technologies,IRLML2060TRPBF,
12,R-FET-0022-NCTO,1,Q3,IRLZ44N,http://www.irf.com/product-info/datasheets/data/irlz44n.pdf,TO-220-3_Horizontal_TabDown,"47A Id, 55V Vds, 22mOhm Rds Single N-Channel HEXFET Power MOSFET, TO-220AB",Infineon Technologies,IRLZ44NPBF,
13,,3,R31 R32 R37,R,~,R_0805_2012Metric,Resistor,,,
14,R-RES-0388-100R,24,R1 R2 R3 R4 R5 R6 R7 R8 R9 R10 R33 R34 R35 R36 R38 R39 R40 R41 R56 R57 R62 R102 R103 R104,100R,~,R_0805_2012Metric,Resistor,VISHAY,CRCW0805100RFKEAHP,
15,R-RES-0518-750R,10,R76 R77 R78 R79 R80 R81 R82 R83 R84 R85,750R,~,R_0805_2012Metric,Resistor,YAGEO,RC0805FR-07750RL,
16,R-RES-0519-2KR,4,R111 R112 R115 R118,2K,~,R_0805_2012Metric,Resistor,Panasonic Electronic Components,ERJ-P06F2001V,
17,R-RES-0122-10K,19,R65 R66 R67 R68 R69 R70 R71 R72 R73 R74 R75 R109 R110 R113 R114 R116 R117 R119 R120,10K,~,R_0805_2012Metric,Resistor,Yageo,RC0805FR-0710KL,
18,R-RES-0520-22KR,10,R12 R14 R16 R18 R20 R22 R24 R26 R28 R30,22K,~,R_0805_2012Metric,Resistor,Vishay Dale,CRCW080522K0FKEA,
19,R-RES-0124-100K,13,R11 R13 R15 R17 R19 R21 R23 R25 R27 R29 R42 R43 R44,100K,~,R_0805_2012Metric,Resistor,YAGEO,AT0805FRE07100KL,
